feature_1,feature_2,feature_3,feature_4,feature_5,feature_6,feature_7,feature_8,feature_9,feature_10
0.10409041816367504,0.11869575231065332,-0.667723976663854,-0.03648084538953855,-0.1059021931940868,-0.002959515989467778,-0.17076494292121175,0.6663562138258287,-0.1792779859178869,0.10646334209309877
0.3783713635822591,0.4076021846352982,0.2189692044955749,0.11801912636123027,-0.16164915637437902,0.012147153583787276,-0.40233945479684097,-0.21976515158190096,-0.4041364396561626,0.47858282449980466
